LastName,FirstName,furiLastName,furiFirstName,AddressCode,FullAddress,Suffix,PhoneItem,EmailItem,Memo,NamesOfFamily1,X-Suffix1,NamesOfFamily2,X-Suffix2,NamesOfFamily3,X-Suffix3,atxBaseYear,X-NYCardHistory
濱田,直樹,はまだ,なおき,880-0620,宮崎県宮崎市恒久1丁目2番地5号,様,0985-99-2227,naokihamada@example.jp,,,,,,,,2021,00000000000000002006
林,里佳,はやし,りか,891-5225,鹿児島県鹿児島市田上台3丁目2番地6号,様,0993-02-1344,hayashi_rika@example.net,,,,,,,,2021,00000000000000002006
田尻,慶子,たじり,けいこ,184-9739,東京都練馬区関町南4丁目2番7号,様,03-3209-9933,tajiri_keiko@example.jp,,,,,,,,2021,00000000000000002006
大隅,今日子,おおすみ,きょうこ,722-4305,広島県福山市新涯町1-1-5,様,0826-55-3307,kyoko_osumi@example.jp,,,,,,,,2021,00000000000000002006
山口,慎也,やまぐち,しんや,063-0136,北海道札幌市西区西野八条3-1-11,様,0123-33-5350,yamaguchi_1210@example.ne.jp,,,,,,,,2021,00000000000000002006
塚田,翔太朗,つかだ,しょうたろう,109-9776,東京都目黒区中目黒3丁目2番7号,様,03-8325-5142,tsukada_1128@example.ne.jp,,,,,,,,2021,00000000000000002006
川嶋,祐樹,かわしま,ゆうき,205-1788,東京都世田谷区太子堂1-1-16,様,03-6704-2034,kawashima_1028@example.jp,,,,,,,,2021,00000000000000002006
中嶋,将仁,なかじま,まさじ,643-0614,和歌山県和歌山市和歌浦東4丁目2番8号,様,0737-12-3306,nakajimamasahito@example.co.jp,,,,,,,,2021,00000000000000002006
菅野,正明,かんの,まさあき,236-3835,神奈川県綾瀬市深谷中3-5-10,様,044-934-7433,masaakikanno@example.co.jp,,,,,,,,2021,00000000000000002006
笹山,美香子,ささやま,みかこ,192-9420,東京都新宿区高田馬場3丁目3番5号,様,03-0344-5764,sasayamamikako@example.co.jp,,,,,,,,2021,00000000000000002006
真栄城,敏行,まえしろ,としゆき,475-4013,愛知県尾張旭市狩宿町1丁目3番5号,様,0566-79-6884,toshiyuki_maeshiro@example.net,,,,,,,,2021,00000000000000002006
池田,陽二,いけだ,ようじ,791-9305,愛媛県松山市湊町1-1-21,様,0898-93-7575,ikedayoji@example.net,,,,,,,,2021,00000000000000002006
安井,慶,やすい,けい,470-3412,愛知県豊田市西町2-2-10,様,0532-88-8461,kei_yasui@example.net,,,,,,,,2021,00000000000000002006
加藤,恵美子,かとう,えみこ,535-8952,大阪府大阪市淀川区加島4丁目2番10号,様,06-6923-1952,kato65@example.org,,,,,,,,2021,00000000000000002006
宮治,秀明,みやじ,ひであき,986-0029,宮城県仙台市泉区泉ケ丘2-3-11,様,0229-61-1758,miyajihideaki@example.org,,,,,,,,2021,00000000000000002006
横山,絵美,よこやま,えみ,491-9568,愛知県名古屋市千種区今池1-4-16,様,0531-21-4368,yokoyama124@example.net,,,,,,,,2021,00000000000000002006
菊地,卓磨,きくち,たくま,096-1322,北海道札幌市北区北七条西3-2-906,様,0164-88-8167,takumakikuchi@example.co.jp,,,,,,,,2021,00000000000000002006
森山,優子,もりやま,ゆうこ,331-2159,埼玉県草加市旭町3丁目2番7号,様,0494-02-9402,moriyama_yuko@example.jp,,,,,,,,2021,00000000000000002006
鎗田,愛,やりた,あい,210-7550,神奈川県川崎市川崎区小田4丁目3番3号,様,044-563-2784,aiyarita@example.jp,,,,,,,,2021,00000000000000002006
林,章彦,はやし,あきひこ,542-0658,大阪府大阪市浪速区日本橋1-5-7,様,06-3418-8873,akihikohayashi@example.jp,,,,,,,,2021,00000000000000002006